category,name,file,width,height,source
backgrounds,forest-day,backgrounds/forest-day.jpg,723,358,A463E6F2-E17B-4DE3-B710-303F94C59853.jpeg
backgrounds,river-mountains-day,backgrounds/river-mountains-day.jpg,723,358,A463E6F2-E17B-4DE3-B710-303F94C59853.jpeg
backgrounds,forest-camp-night,backgrounds/forest-camp-night.jpg,723,339,A463E6F2-E17B-4DE3-B710-303F94C59853.jpeg
backgrounds,snow-mountains,backgrounds/snow-mountains.jpg,723,339,A463E6F2-E17B-4DE3-B710-303F94C59853.jpeg
backgrounds,swamp-fog,backgrounds/swamp-fog.jpg,723,385,A463E6F2-E17B-4DE3-B710-303F94C59853.jpeg
backgrounds,ruins-sunset,backgrounds/ruins-sunset.jpg,723,385,A463E6F2-E17B-4DE3-B710-303F94C59853.jpeg
cards,forest-card,cards/forest-card.png,177,245,C472A5C0-F12F-4E8E-9EDA-7CE6EB856014.jpeg
cards,river-card,cards/river-card.png,176,241,C472A5C0-F12F-4E8E-9EDA-7CE6EB856014.jpeg
cards,mountains-card,cards/mountains-card.png,174,241,C472A5C0-F12F-4E8E-9EDA-7CE6EB856014.jpeg
cards,swamp-card,cards/swamp-card.png,178,241,C472A5C0-F12F-4E8E-9EDA-7CE6EB856014.jpeg
cards,ruins-card,cards/ruins-card.png,174,241,C472A5C0-F12F-4E8E-9EDA-7CE6EB856014.jpeg
cards,combat-card-blank,cards/combat-card-blank.png,180,249,C472A5C0-F12F-4E8E-9EDA-7CE6EB856014.jpeg
cards,backpack-card-blank,cards/backpack-card-blank.png,175,244,C472A5C0-F12F-4E8E-9EDA-7CE6EB856014.jpeg
cards,tracks-card-blank,cards/tracks-card-blank.png,176,243,C472A5C0-F12F-4E8E-9EDA-7CE6EB856014.jpeg
cards,locked-forest,cards/locked-forest.png,174,235,C472A5C0-F12F-4E8E-9EDA-7CE6EB856014.jpeg
cards,locked-river,cards/locked-river.png,177,234,C472A5C0-F12F-4E8E-9EDA-7CE6EB856014.jpeg
cards,locked-mountains,cards/locked-mountains.png,172,233,C472A5C0-F12F-4E8E-9EDA-7CE6EB856014.jpeg
cards,locked-swamp,cards/locked-swamp.png,175,234,C472A5C0-F12F-4E8E-9EDA-7CE6EB856014.jpeg
cards,locked-ruins,cards/locked-ruins.png,176,234,C472A5C0-F12F-4E8E-9EDA-7CE6EB856014.jpeg
cards,locked-combat,cards/locked-combat.png,180,245,C472A5C0-F12F-4E8E-9EDA-7CE6EB856014.jpeg
cards,treasure-card,cards/treasure-card.png,173,233,C472A5C0-F12F-4E8E-9EDA-7CE6EB856014.jpeg
cards,mystery-card,cards/mystery-card.png,170,234,C472A5C0-F12F-4E8E-9EDA-7CE6EB856014.jpeg
cards,forest-card-back,cards/forest-card-back.png,168,220,C472A5C0-F12F-4E8E-9EDA-7CE6EB856014.jpeg
cards,river-card-back,cards/river-card-back.png,163,215,C472A5C0-F12F-4E8E-9EDA-7CE6EB856014.jpeg
cards,mountains-card-back,cards/mountains-card-back.png,160,214,C472A5C0-F12F-4E8E-9EDA-7CE6EB856014.jpeg
cards,swamp-card-back,cards/swamp-card-back.png,166,217,C472A5C0-F12F-4E8E-9EDA-7CE6EB856014.jpeg
cards,ruins-card-back,cards/ruins-card-back.png,165,215,C472A5C0-F12F-4E8E-9EDA-7CE6EB856014.jpeg
cards,combat-card-back,cards/combat-card-back.png,169,215,C472A5C0-F12F-4E8E-9EDA-7CE6EB856014.jpeg
cards,backpack-card-back,cards/backpack-card-back.png,162,215,C472A5C0-F12F-4E8E-9EDA-7CE6EB856014.jpeg
cards,tracks-card-back,cards/tracks-card-back.png,165,214,C472A5C0-F12F-4E8E-9EDA-7CE6EB856014.jpeg
cards,frame-forest,cards/frame-forest.png,159,119,C472A5C0-F12F-4E8E-9EDA-7CE6EB856014.jpeg
cards,frame-river,cards/frame-river.png,153,110,C472A5C0-F12F-4E8E-9EDA-7CE6EB856014.jpeg
cards,frame-mountains,cards/frame-mountains.png,148,108,C472A5C0-F12F-4E8E-9EDA-7CE6EB856014.jpeg
cards,frame-swamp,cards/frame-swamp.png,160,110,C472A5C0-F12F-4E8E-9EDA-7CE6EB856014.jpeg
cards,frame-ruins,cards/frame-ruins.png,154,109,C472A5C0-F12F-4E8E-9EDA-7CE6EB856014.jpeg
cards,frame-combat,cards/frame-combat.png,159,112,C472A5C0-F12F-4E8E-9EDA-7CE6EB856014.jpeg
cards,frame-backpack,cards/frame-backpack.png,160,112,C472A5C0-F12F-4E8E-9EDA-7CE6EB856014.jpeg
cards,frame-tracks,cards/frame-tracks.png,155,110,C472A5C0-F12F-4E8E-9EDA-7CE6EB856014.jpeg
cards,frame-reward,cards/frame-reward.png,164,108,C472A5C0-F12F-4E8E-9EDA-7CE6EB856014.jpeg
cards,forest-area,cards/forest-area.png,174,239,C472A5C0-F12F-4E8E-9EDA-7CE6EB856014.jpeg
cards,river-area,cards/river-area.png,177,237,C472A5C0-F12F-4E8E-9EDA-7CE6EB856014.jpeg
cards,mountains-area,cards/mountains-area.png,174,237,C472A5C0-F12F-4E8E-9EDA-7CE6EB856014.jpeg
cards,swamp-area,cards/swamp-area.png,169,238,C472A5C0-F12F-4E8E-9EDA-7CE6EB856014.jpeg
cards,ruins-area,cards/ruins-area.png,173,238,C472A5C0-F12F-4E8E-9EDA-7CE6EB856014.jpeg
cards,wolf-encounter,cards/wolf-encounter.png,180,240,C472A5C0-F12F-4E8E-9EDA-7CE6EB856014.jpeg
cards,mushroom-find,cards/mushroom-find.png,174,240,C472A5C0-F12F-4E8E-9EDA-7CE6EB856014.jpeg
cards,tracks-find,cards/tracks-find.png,170,240,C472A5C0-F12F-4E8E-9EDA-7CE6EB856014.jpeg
icons,health,icons/health.png,160,160,9DF75652-F5F1-463A-B3BF-93DC2354A195.jpeg
icons,hunger,icons/hunger.png,160,160,9DF75652-F5F1-463A-B3BF-93DC2354A195.jpeg
icons,energy,icons/energy.png,160,160,9DF75652-F5F1-463A-B3BF-93DC2354A195.jpeg
icons,heat,icons/heat.png,160,160,9DF75652-F5F1-463A-B3BF-93DC2354A195.jpeg
icons,cold,icons/cold.png,160,160,9DF75652-F5F1-463A-B3BF-93DC2354A195.jpeg
icons,star,icons/star.png,160,160,9DF75652-F5F1-463A-B3BF-93DC2354A195.jpeg
icons,level-up,icons/level-up.png,160,160,9DF75652-F5F1-463A-B3BF-93DC2354A195.jpeg
icons,sleep,icons/sleep.png,160,160,9DF75652-F5F1-463A-B3BF-93DC2354A195.jpeg
icons,daylight,icons/daylight.png,160,160,9DF75652-F5F1-463A-B3BF-93DC2354A195.jpeg
icons,cloudy,icons/cloudy.png,160,160,9DF75652-F5F1-463A-B3BF-93DC2354A195.jpeg
icons,rain,icons/rain.png,160,160,9DF75652-F5F1-463A-B3BF-93DC2354A195.jpeg
icons,thunderstorm,icons/thunderstorm.png,160,160,9DF75652-F5F1-463A-B3BF-93DC2354A195.jpeg
icons,night,icons/night.png,160,160,9DF75652-F5F1-463A-B3BF-93DC2354A195.jpeg
icons,sunrise,icons/sunrise.png,160,160,9DF75652-F5F1-463A-B3BF-93DC2354A195.jpeg
icons,compass,icons/compass.png,160,160,9DF75652-F5F1-463A-B3BF-93DC2354A195.jpeg
icons,character,icons/character.png,160,160,9DF75652-F5F1-463A-B3BF-93DC2354A195.jpeg
icons,shelter,icons/shelter.png,160,160,9DF75652-F5F1-463A-B3BF-93DC2354A195.jpeg
icons,backpack,icons/backpack.png,160,160,9DF75652-F5F1-463A-B3BF-93DC2354A195.jpeg
icons,tools,icons/tools.png,160,160,9DF75652-F5F1-463A-B3BF-93DC2354A195.jpeg
icons,map,icons/map.png,160,160,9DF75652-F5F1-463A-B3BF-93DC2354A195.jpeg
icons,settings,icons/settings.png,160,160,9DF75652-F5F1-463A-B3BF-93DC2354A195.jpeg
icons,hourglass,icons/hourglass.png,160,160,9DF75652-F5F1-463A-B3BF-93DC2354A195.jpeg
icons,locked,icons/locked.png,160,160,9DF75652-F5F1-463A-B3BF-93DC2354A195.jpeg
icons,info,icons/info.png,160,160,9DF75652-F5F1-463A-B3BF-93DC2354A195.jpeg
icons,forest,icons/forest.png,160,160,9DF75652-F5F1-463A-B3BF-93DC2354A195.jpeg
icons,river,icons/river.png,160,160,9DF75652-F5F1-463A-B3BF-93DC2354A195.jpeg
icons,mountains,icons/mountains.png,160,160,9DF75652-F5F1-463A-B3BF-93DC2354A195.jpeg
icons,swamp,icons/swamp.png,160,160,9DF75652-F5F1-463A-B3BF-93DC2354A195.jpeg
icons,ruins,icons/ruins.png,160,160,9DF75652-F5F1-463A-B3BF-93DC2354A195.jpeg
icons,wood,icons/wood.png,160,160,9DF75652-F5F1-463A-B3BF-93DC2354A195.jpeg
icons,stone,icons/stone.png,160,160,9DF75652-F5F1-463A-B3BF-93DC2354A195.jpeg
icons,dry-grass,icons/dry-grass.png,160,160,9DF75652-F5F1-463A-B3BF-93DC2354A195.jpeg
icons,stick,icons/stick.png,160,160,9DF75652-F5F1-463A-B3BF-93DC2354A195.jpeg
icons,berries,icons/berries.png,160,160,9DF75652-F5F1-463A-B3BF-93DC2354A195.jpeg
icons,fish,icons/fish.png,160,160,9DF75652-F5F1-463A-B3BF-93DC2354A195.jpeg
icons,herbs,icons/herbs.png,160,160,9DF75652-F5F1-463A-B3BF-93DC2354A195.jpeg
icons,mushroom,icons/mushroom.png,160,160,9DF75652-F5F1-463A-B3BF-93DC2354A195.jpeg
icons,fur,icons/fur.png,160,160,9DF75652-F5F1-463A-B3BF-93DC2354A195.jpeg
icons,metal-ingot,icons/metal-ingot.png,160,160,9DF75652-F5F1-463A-B3BF-93DC2354A195.jpeg
icons,rope,icons/rope.png,160,160,9DF75652-F5F1-463A-B3BF-93DC2354A195.jpeg
icons,leather,icons/leather.png,160,160,9DF75652-F5F1-463A-B3BF-93DC2354A195.jpeg
icons,campfire,icons/campfire.png,160,160,9DF75652-F5F1-463A-B3BF-93DC2354A195.jpeg
icons,torch,icons/torch.png,160,160,9DF75652-F5F1-463A-B3BF-93DC2354A195.jpeg
icons,sword,icons/sword.png,160,160,9DF75652-F5F1-463A-B3BF-93DC2354A195.jpeg
icons,shield,icons/shield.png,160,160,9DF75652-F5F1-463A-B3BF-93DC2354A195.jpeg
icons,attack,icons/attack.png,160,160,9DF75652-F5F1-463A-B3BF-93DC2354A195.jpeg
icons,flee,icons/flee.png,160,160,9DF75652-F5F1-463A-B3BF-93DC2354A195.jpeg
icons,heal,icons/heal.png,160,160,9DF75652-F5F1-463A-B3BF-93DC2354A195.jpeg
icons,poison,icons/poison.png,160,160,9DF75652-F5F1-463A-B3BF-93DC2354A195.jpeg
icons,bleeding,icons/bleeding.png,160,160,9DF75652-F5F1-463A-B3BF-93DC2354A195.jpeg
icons,frozen,icons/frozen.png,160,160,9DF75652-F5F1-463A-B3BF-93DC2354A195.jpeg
icons,burning,icons/burning.png,160,160,9DF75652-F5F1-463A-B3BF-93DC2354A195.jpeg
icons,exhausted,icons/exhausted.png,160,160,9DF75652-F5F1-463A-B3BF-93DC2354A195.jpeg
icons,sprout,icons/sprout.png,160,160,9DF75652-F5F1-463A-B3BF-93DC2354A195.jpeg
icons,skull,icons/skull.png,160,160,9DF75652-F5F1-463A-B3BF-93DC2354A195.jpeg
icons,warning,icons/warning.png,160,160,9DF75652-F5F1-463A-B3BF-93DC2354A195.jpeg
icons,paw,icons/paw.png,160,160,9DF75652-F5F1-463A-B3BF-93DC2354A195.jpeg
icons,wolf,icons/wolf.png,160,160,9DF75652-F5F1-463A-B3BF-93DC2354A195.jpeg
icons,deer,icons/deer.png,160,160,9DF75652-F5F1-463A-B3BF-93DC2354A195.jpeg
icons,cooking,icons/cooking.png,160,160,9DF75652-F5F1-463A-B3BF-93DC2354A195.jpeg
icons,cabin,icons/cabin.png,160,160,9DF75652-F5F1-463A-B3BF-93DC2354A195.jpeg
icons,crate,icons/crate.png,160,160,9DF75652-F5F1-463A-B3BF-93DC2354A195.jpeg
icons,chop-wood,icons/chop-wood.png,160,160,9DF75652-F5F1-463A-B3BF-93DC2354A195.jpeg
ui,button-large-forest,ui/button-large-forest.png,163,95,C029736C-E6D3-4E28-849E-FF6D7C5B0808.jpeg
ui,button-large-bright-green,ui/button-large-bright-green.png,150,95,C029736C-E6D3-4E28-849E-FF6D7C5B0808.jpeg
ui,button-large-dark-green,ui/button-large-dark-green.png,150,95,C029736C-E6D3-4E28-849E-FF6D7C5B0808.jpeg
ui,button-large-disabled,ui/button-large-disabled.png,154,95,C029736C-E6D3-4E28-849E-FF6D7C5B0808.jpeg
ui,button-medium-forest,ui/button-medium-forest.png,151,77,C029736C-E6D3-4E28-849E-FF6D7C5B0808.jpeg
ui,button-medium-bright-green,ui/button-medium-bright-green.png,148,77,C029736C-E6D3-4E28-849E-FF6D7C5B0808.jpeg
ui,button-medium-dark-green,ui/button-medium-dark-green.png,143,77,C029736C-E6D3-4E28-849E-FF6D7C5B0808.jpeg
ui,button-medium-disabled,ui/button-medium-disabled.png,147,77,C029736C-E6D3-4E28-849E-FF6D7C5B0808.jpeg
ui,button-small-forest,ui/button-small-forest.png,127,60,C029736C-E6D3-4E28-849E-FF6D7C5B0808.jpeg
ui,button-small-bright-green,ui/button-small-bright-green.png,118,60,C029736C-E6D3-4E28-849E-FF6D7C5B0808.jpeg
ui,button-small-dark-green,ui/button-small-dark-green.png,119,60,C029736C-E6D3-4E28-849E-FF6D7C5B0808.jpeg
ui,button-small-disabled,ui/button-small-disabled.png,121,60,C029736C-E6D3-4E28-849E-FF6D7C5B0808.jpeg
ui,button-hex-forest,ui/button-hex-forest.png,133,54,C029736C-E6D3-4E28-849E-FF6D7C5B0808.jpeg
ui,button-hex-bright-green,ui/button-hex-bright-green.png,132,54,C029736C-E6D3-4E28-849E-FF6D7C5B0808.jpeg
ui,button-hex-dark-green,ui/button-hex-dark-green.png,140,54,C029736C-E6D3-4E28-849E-FF6D7C5B0808.jpeg
ui,button-hex-disabled,ui/button-hex-disabled.png,138,54,C029736C-E6D3-4E28-849E-FF6D7C5B0808.jpeg
ui,button-mini-forest,ui/button-mini-forest.png,110,39,C029736C-E6D3-4E28-849E-FF6D7C5B0808.jpeg
ui,button-mini-bright-green,ui/button-mini-bright-green.png,111,39,C029736C-E6D3-4E28-849E-FF6D7C5B0808.jpeg
ui,button-mini-dark-green,ui/button-mini-dark-green.png,112,39,C029736C-E6D3-4E28-849E-FF6D7C5B0808.jpeg
ui,button-mini-disabled,ui/button-mini-disabled.png,111,39,C029736C-E6D3-4E28-849E-FF6D7C5B0808.jpeg
ui,hud-complete,ui/hud-complete.png,756,158,C029736C-E6D3-4E28-849E-FF6D7C5B0808.jpeg
ui,bar-health,ui/bar-health.png,187,66,C029736C-E6D3-4E28-849E-FF6D7C5B0808.jpeg
ui,bar-hunger,ui/bar-hunger.png,184,66,C029736C-E6D3-4E28-849E-FF6D7C5B0808.jpeg
ui,bar-energy,ui/bar-energy.png,186,65,C029736C-E6D3-4E28-849E-FF6D7C5B0808.jpeg
ui,bar-cold,ui/bar-cold.png,184,65,C029736C-E6D3-4E28-849E-FF6D7C5B0808.jpeg
ui,bar-empty,ui/bar-empty.png,176,54,C029736C-E6D3-4E28-849E-FF6D7C5B0808.jpeg
ui,bar-green,ui/bar-green.png,177,53,C029736C-E6D3-4E28-849E-FF6D7C5B0808.jpeg
ui,bar-orange,ui/bar-orange.png,180,54,C029736C-E6D3-4E28-849E-FF6D7C5B0808.jpeg
ui,bar-red,ui/bar-red.png,179,53,C029736C-E6D3-4E28-849E-FF6D7C5B0808.jpeg
ui,panel-large-portrait,ui/panel-large-portrait.png,424,402,C029736C-E6D3-4E28-849E-FF6D7C5B0808.jpeg
ui,panel-large-landscape,ui/panel-large-landscape.png,369,263,C029736C-E6D3-4E28-849E-FF6D7C5B0808.jpeg
ui,panel-square,ui/panel-square.png,296,263,C029736C-E6D3-4E28-849E-FF6D7C5B0808.jpeg
ui,panel-small-portrait,ui/panel-small-portrait.png,146,239,C029736C-E6D3-4E28-849E-FF6D7C5B0808.jpeg
ui,label-dark,ui/label-dark.png,375,96,C029736C-E6D3-4E28-849E-FF6D7C5B0808.jpeg
ui,tab-forest-close,ui/tab-forest-close.png,380,86,C029736C-E6D3-4E28-849E-FF6D7C5B0808.jpeg
ui,crafting-strip,ui/crafting-strip.png,589,140,C029736C-E6D3-4E28-849E-FF6D7C5B0808.jpeg
ui,loot-strip,ui/loot-strip.png,387,145,C029736C-E6D3-4E28-849E-FF6D7C5B0808.jpeg
ui,banner,ui/banner.png,323,160,C029736C-E6D3-4E28-849E-FF6D7C5B0808.jpeg
ui,locked-panel,ui/locked-panel.png,191,170,C029736C-E6D3-4E28-849E-FF6D7C5B0808.jpeg
ui,item-frame-top-1,ui/item-frame-top-1.png,82,87,C029736C-E6D3-4E28-849E-FF6D7C5B0808.jpeg
ui,item-frame-top-2,ui/item-frame-top-2.png,77,87,C029736C-E6D3-4E28-849E-FF6D7C5B0808.jpeg
ui,item-frame-top-3,ui/item-frame-top-3.png,79,87,C029736C-E6D3-4E28-849E-FF6D7C5B0808.jpeg
ui,item-frame-top-4,ui/item-frame-top-4.png,83,87,C029736C-E6D3-4E28-849E-FF6D7C5B0808.jpeg
ui,item-frame-top-5,ui/item-frame-top-5.png,84,87,C029736C-E6D3-4E28-849E-FF6D7C5B0808.jpeg
ui,item-frame-bottom-1,ui/item-frame-bottom-1.png,83,91,C029736C-E6D3-4E28-849E-FF6D7C5B0808.jpeg
ui,item-frame-bottom-2,ui/item-frame-bottom-2.png,77,91,C029736C-E6D3-4E28-849E-FF6D7C5B0808.jpeg
ui,item-frame-bottom-3,ui/item-frame-bottom-3.png,88,91,C029736C-E6D3-4E28-849E-FF6D7C5B0808.jpeg
ui,item-frame-bottom-4,ui/item-frame-bottom-4.png,68,91,C029736C-E6D3-4E28-849E-FF6D7C5B0808.jpeg
ui,item-frame-bottom-5,ui/item-frame-bottom-5.png,82,91,C029736C-E6D3-4E28-849E-FF6D7C5B0808.jpeg
ui,divider-skull,ui/divider-skull.png,527,60,C029736C-E6D3-4E28-849E-FF6D7C5B0808.jpeg
ui,divider-small-left,ui/divider-small-left.png,163,38,C029736C-E6D3-4E28-849E-FF6D7C5B0808.jpeg
ui,divider-small-center,ui/divider-small-center.png,181,25,C029736C-E6D3-4E28-849E-FF6D7C5B0808.jpeg
ui,divider-small-right,ui/divider-small-right.png,160,38,C029736C-E6D3-4E28-849E-FF6D7C5B0808.jpeg
ui,divider-forest,ui/divider-forest.png,251,41,C029736C-E6D3-4E28-849E-FF6D7C5B0808.jpeg
ui,corner-top-1,ui/corner-top-1.png,98,101,C029736C-E6D3-4E28-849E-FF6D7C5B0808.jpeg
ui,corner-top-2,ui/corner-top-2.png,97,102,C029736C-E6D3-4E28-849E-FF6D7C5B0808.jpeg
ui,corner-top-3,ui/corner-top-3.png,99,102,C029736C-E6D3-4E28-849E-FF6D7C5B0808.jpeg
ui,corner-top-4,ui/corner-top-4.png,104,105,C029736C-E6D3-4E28-849E-FF6D7C5B0808.jpeg
ui,corner-bottom-1,ui/corner-bottom-1.png,95,103,C029736C-E6D3-4E28-849E-FF6D7C5B0808.jpeg
ui,corner-bottom-2,ui/corner-bottom-2.png,95,103,C029736C-E6D3-4E28-849E-FF6D7C5B0808.jpeg
ui,corner-bottom-3,ui/corner-bottom-3.png,95,103,C029736C-E6D3-4E28-849E-FF6D7C5B0808.jpeg
